{
  "table": "TBSI_MBS_MEMO",
  "rows": [
    {
      "ID_CD": { "value": "1" },
      "ID": { "value": "wzonTest0m" },
      "REG_DT": { "value": "CUR_YYMMDD" },
      "REG_TM": { "value": "CUR_HHIISS" },
      "MEMO": { "value": "일반정보 저장" },
      "WORKER": { "value": "admin" },
      "REG_DNT": { "value": "CUR_YYMMDDHHIISS" }
    },
    {
      "ID_CD": { "value": "1" },
      "ID": { "value": "wzonTest0m" },
      "REG_DT": { "value": "CUR_YYMMDD" },
      "REG_TM": { "value": "CUR_HHIISS" },
      "MEMO": { "value": "정산정보 저장" },
      "WORKER": { "value": "admin" },
      "REG_DNT": { "value": "CUR_YYMMDDHHIISS" }
    },
    {
      "ID_CD": { "value": "1" },
      "ID": { "value": "wzonTest0m" },
      "REG_DT": { "value": "CUR_YYMMDD" },
      "REG_TM": { "value": "CUR_HHIISS" },
      "MEMO": { "value": "신용카드 정보 저장" },
      "WORKER": { "value": "admin" },
      "REG_DNT": { "value": "CUR_YYMMDDHHIISS" }
    },
    {
      "ID_CD": { "value": "1" },
      "ID": { "value": "wzonTest0m" },
      "REG_DT": { "value": "CUR_YYMMDD" },
      "REG_TM": { "value": "CUR_HHIISS" },
      "MEMO": { "value": "부가서비스저장" },
      "WORKER": { "value": "admin" },
      "REG_DNT": { "value": "CUR_YYMMDDHHIISS" }
    },
    {
      "ID_CD": { "value": "1" },
      "ID": { "value": "wzonTest0m" },
      "REG_DT": { "value": "CUR_YYMMDD" },
      "REG_TM": { "value": "CUR_HHIISS" },
      "MEMO": { "value": "기타정보 저장" },
      "WORKER": { "value": "admin" },
      "REG_DNT": { "value": "CUR_YYMMDDHHIISS" }
    }
  ]
}