{
  "table": "TBSI_STMT_FEE",
  "rows": [
    {
      "ID": { "value": "wzonTest0a" },
      "ID_CD": { "value": "3" },
      "PM_CD": { "value": "01" },
      "SPM_CD": { "value": "01" },
      "CP_CD": { "value": "00" },
      "FR_DT": { "value": "20260126" },
      "TO_DT": { "value": "99999999" },
      "FEE": { "value": "1" },
      "POINT_FEE": { "value": null },
      "SHARE_RATE": { "value": "100" },
      "CHK_FEE": { "value": null },
      "FEE_TYPE_CD": { "value": "2" },
      "WORKER": { "value": "admin" },
      "REG_DNT": { "value": "CUR_YYMMDDHHIISS" },
      "USE_ST_TYPE": { "value": "1" },
      "SM_MBS_CD": { "value": "00" },
      "ETC_FEE": { "value": "0" }
    },
    {
      "ID": { "value": "wzonTest0a" },
      "ID_CD": { "value": "3" },
      "PM_CD": { "value": "01" },
      "SPM_CD": { "value": "01" },
      "CP_CD": { "value": "00" },
      "FR_DT": { "value": "20260126" },
      "TO_DT": { "value": "99999999" },
      "FEE": { "value": "1" },
      "POINT_FEE": { "value": null },
      "SHARE_RATE": { "value": "100" },
      "CHK_FEE": { "value": null },
      "FEE_TYPE_CD": { "value": "2" },
      "WORKER": { "value": "admin" },
      "REG_DNT": { "value": "CUR_YYMMDDHHIISS" },
      "USE_ST_TYPE": { "value": "1" },
      "SM_MBS_CD": { "value": "A1" },
      "ETC_FEE": { "value": "0" }
    },
    {
      "ID": { "value": "wzonTest0a" },
      "ID_CD": { "value": "3" },
      "PM_CD": { "value": "01" },
      "SPM_CD": { "value": "01" },
      "CP_CD": { "value": "00" },
      "FR_DT": { "value": "20260126" },
      "TO_DT": { "value": "99999999" },
      "FEE": { "value": "1" },
      "POINT_FEE": { "value": null },
      "SHARE_RATE": { "value": "100" },
      "CHK_FEE": { "value": null },
      "FEE_TYPE_CD": { "value": "2" },
      "WORKER": { "value": "admin" },
      "REG_DNT": { "value": "CUR_YYMMDDHHIISS" },
      "USE_ST_TYPE": { "value": "1" },
      "SM_MBS_CD": { "value": "B1" },
      "ETC_FEE": { "value": "0" }
    },
    {
      "ID": { "value": "wzonTest0a" },
      "ID_CD": { "value": "3" },
      "PM_CD": { "value": "01" },
      "SPM_CD": { "value": "01" },
      "CP_CD": { "value": "00" },
      "FR_DT": { "value": "20260126" },
      "TO_DT": { "value": "99999999" },
      "FEE": { "value": "1" },
      "POINT_FEE": { "value": null },
      "SHARE_RATE": { "value": "100" },
      "CHK_FEE": { "value": null },
      "FEE_TYPE_CD": { "value": "2" },
      "WORKER": { "value": "admin" },
      "REG_DNT": { "value": "CUR_YYMMDDHHIISS" },
      "USE_ST_TYPE": { "value": "1" },
      "SM_MBS_CD": { "value": "B2" },
      "ETC_FEE": { "value": "0" }
    },
    {
      "ID": { "value": "wzonTest0a" },
      "ID_CD": { "value": "3" },
      "PM_CD": { "value": "01" },
      "SPM_CD": { "value": "01" },
      "CP_CD": { "value": "00" },
      "FR_DT": { "value": "20260126" },
      "TO_DT": { "value": "99999999" },
      "FEE": { "value": "1" },
      "POINT_FEE": { "value": null },
      "SHARE_RATE": { "value": "100" },
      "CHK_FEE": { "value": null },
      "FEE_TYPE_CD": { "value": "2" },
      "WORKER": { "value": "admin" },
      "REG_DNT": { "value": "CUR_YYMMDDHHIISS" },
      "USE_ST_TYPE": { "value": "1" },
      "SM_MBS_CD": { "value": "B3" },
      "ETC_FEE": { "value": "0" }
    },
    {
      "ID": { "value": "wzonTest0a" },
      "ID_CD": { "value": "3" },
      "PM_CD": { "value": "61" },
      "SPM_CD": { "value": "01" },
      "CP_CD": { "value": "00" },
      "FR_DT": { "value": "20260126" },
      "TO_DT": { "value": "99999999" },
      "FEE": { "value": "1" },
      "POINT_FEE": { "value": null },
      "SHARE_RATE": { "value": "100" },
      "CHK_FEE": { "value": null },
      "FEE_TYPE_CD": { "value": "2" },
      "WORKER": { "value": "admin" },
      "REG_DNT": { "value": "CUR_YYMMDDHHIISS" },
      "USE_ST_TYPE": { "value": "1" },
      "SM_MBS_CD": { "value": "00" },
      "ETC_FEE": { "value": "0" }
    }
  ]
}