{
  "table": "TBSI_VGRP",
  "rows": [
    {
      "VID": { "value": "wzonTest0a" },
      "VGRP_NM": { "value": "위지온영업점1" },
      "CO_NO": { "value": "1232332124" },
      "REP_NM": { "value": "위지온대*1" },
      "REP_NM_ENC": { "value": "040d1078f818466828d24cfed2efc0dd03d716961d68a5205db5c57dfe77c717dd" },
      "REP_NM_HASH": { "value": "678cfbd52ba5ea9b788c55cd987854346b1847843d849a63f62e713730551746" },
      "GD_KIND": { "value": "정보통신" },
      "BS_KIND": { "value": "IT" },
      "BANK_CD": { "value": "" },
      "ACNT_NO": { "value": "" },
      "ACNT_NO_ENC": { "value": null },
      "ACNT_NO_HASH": { "value": null },
      "ACNT_NM": { "value": "" },
      "ACNT_NM_ENC": { "value": null },
      "ACNT_NM_HASH": { "value": null },
      "EMAIL": { "value": "wy****@wiezon.com" },
      "EMAIL_ENC": { "value": "049d51030aeb7dd767ea15b65ce90572248f926f04b33d2d28329a40cf99529c06" },
      "EMAIL_HASH": { "value": "287be60cdbfff2eba1f7e44c7385c40205d5ea4f9ddf098ee3be7007adf69db5" },
      "ID_USE_ST_CD": { "value": "0" },
      "POST_NO": { "value": "08391" },
      "POST_NO_ENC": { "value": null },
      "POST_NO_HASH": { "value": null },
      "ADDR_NO1": { "value": "서울 구로구 도림천로 477" },
      "ADDR_NO1_ENC": { "value": null },
      "ADDR_NO1_HASH": { "value": null },
      "ADDR_NO2": { "value": "1번출구" },
      "ADDR_NO2_ENC": { "value": null },
      "ADDR_NO2_HASH": { "value": null },
      "STMT_CYCLE_CD": { "value": "C115" },
      "SHARE_RATE": { "value": "0" },
      "REG_DNT": { "value": "CUR_YYMMDDHHIISS" },
      "VGRP_TYPE": { "value": "3" },
      "L1_VID": { "value": "wzonTest0a" },
      "L2_VID": { "value": "" },
      "L3_VID": { "value": "" },
      "L4_VID": { "value": "" },
      "L5_VID": { "value": "" },
      "WORKER": { "value": "admin" },
      "AGENT_TYPE": { "value": "01" },
      "ERP_MAPPING_CD": { "value": null },
      "CONT_DT": { "value": "20260126" },
      "REP_BIRTH_DT": { "value": "1990****" },
      "REP_BIRTH_DT_ENC": { "value": "04de4bbd79334887cecda4428a082dbdd7" },
      "REP_BIRTH_DT_HASH": { "value": "e9451f79b1a5b4765b1ff4eda617db95db5a785bcda2766d88f0cfd82bf60e55" },
      "TEL_NO": { "value": "01099999999" },
      "RPOST_NO": { "value": "08391" },
      "RPOST_NO_ENC": { "value": null },
      "RPOST_NO_HASH": { "value": null },
      "RADDR_NO1": { "value": "서울 구로구 도림천로 477" },
      "RADDR_NO1_ENC": { "value": null },
      "RADDR_NO1_HASH": { "value": null },
      "RADDR_NO2": { "value": "1번출구" },
      "RADDR_NO2_ENC": { "value": null },
      "RADDR_NO2_HASH": { "value": null },
      "TAX_EMAIL": { "value": "wypark@wiezon.com" },
      "CONT_NM": { "value": "위*온" },
      "CONT_NM_ENC": { "value": "047a1363891c7e70e7eb1e6b7ff6967c75" },
      "CONT_NM_HASH": { "value": "13f938e10bce18055d00ccd0b7e9b10c082ab100347c35afc0d6e71383289e3e" },
      "CONT_TEL": { "value": "01099999999" },
      "CONT_HP": { "value": "010****9999" },
      "CONT_HP_ENC": { "value": "040a861e20e381c72fc87ce92062663e10" },
      "CONT_HP_HASH": { "value": "5ce7480da9abbb367f37ede1f4389a06231c2ad1015625f13f341f0dce3e006f" },
      "CONT_EMAIL": { "value": "wy****@wiezon.com" },
      "CONT_EMAIL_ENC": { "value": "049d51030aeb7dd767ea15b65ce90572248f926f04b33d2d28329a40cf99529c06" },
      "CONT_EMAIL_HASH": { "value": "287be60cdbfff2eba1f7e44c7385c40205d5ea4f9ddf098ee3be7007adf69db5" },
      "STMT_NM": { "value": "위지*2" },
      "STMT_NM_ENC": { "value": "04acc599e12fd6230e5c711ef4358e8913" },
      "STMT_NM_HASH": { "value": "8086d92d71a7e80a06002d4855e473c3d5d5c18f8da2bc06526542c52b90d0c6" },
      "STMT_TEL": { "value": "01099999999" },
      "STMT_HP": { "value": "010****9999" },
      "STMT_HP_ENC": { "value": "040a861e20e381c72fc87ce92062663e10" },
      "STMT_HP_HASH": { "value": "5ce7480da9abbb367f37ede1f4389a06231c2ad1015625f13f341f0dce3e006f" },
      "STMT_EMAIL": { "value": "wy****@wiezon.com" },
      "STMT_EMAIL_ENC": { "value": "049d51030aeb7dd767ea15b65ce90572248f926f04b33d2d28329a40cf99529c06" },
      "STMT_EMAIL_HASH": { "value": "287be60cdbfff2eba1f7e44c7385c40205d5ea4f9ddf098ee3be7007adf69db5" },
      "TECH_NM": { "value": "위지*3" },
      "TECH_NM_ENC": { "value": "04c6ce04d1febed963cd917eb69f805932" },
      "TECH_NM_HASH": { "value": "0ac3c77878ac04fa38734dd5e78299719f35195e5aa23a46942aad143b6c07e3" },
      "TECH_TEL": { "value": "01099999999" },
      "TECH_HP": { "value": "010****9999" },
      "TECH_HP_ENC": { "value": "040a861e20e381c72fc87ce92062663e10" },
      "TECH_HP_HASH": { "value": "5ce7480da9abbb367f37ede1f4389a06231c2ad1015625f13f341f0dce3e006f" },
      "TECH_EMAIL": { "value": "wy****@wiezon.com" },
      "TECH_EMAIL_ENC": { "value": "049d51030aeb7dd767ea15b65ce90572248f926f04b33d2d28329a40cf99529c06" },
      "TECH_EMAIL_HASH": { "value": "287be60cdbfff2eba1f7e44c7385c40205d5ea4f9ddf098ee3be7007adf69db5" },
      "CONT_EMP_NO": { "value": "987654321" },
      "MGR1_EMP_NO": { "value": "987654321" }
    }
  ]
}