{
  "table": "TBSI_CO",
  "rows": [
    {
      "RECV_DT": { "value": "20260126" },
      "CO_NO": { "value": "1232332124" },
      "CO_NM": { "value": "위지온테스트" },
      "REG_DNT": { "value": "CUR_YYMMDDHHIISS" },
      "REP_HP": { "value": "010****9999" },
      "REP_HP_ENC": { "value": "040a861e20e381c72fc87ce92062663e10" },
      "REP_HP_HASH": { "value": "5ce7480da9abbb367f37ede1f4389a06231c2ad1015625f13f341f0dce3e006f" },
      "CO_CL_CD": { "value": "2" },
      "BS_KIND": { "value": "IT" },
      "GD_KIND": { "value": "정보통신" },
      "OPEN_DT": { "value": "20260101" },
      "FUND_AMT": { "value": "1000000" },
      "CO_URL": { "value": "localhost:9999" },
      "REP_NM": { "value": "위지온대*1" },
      "REP_NM_ENC": { "value": "040d1078f818466828d24cfed2efc0dd03d716961d68a5205db5c57dfe77c717dd" },
      "REP_NM_HASH": { "value": "678cfbd52ba5ea9b788c55cd987854346b1847843d849a63f62e713730551746" },
      "REP2_NM": { "value": "위지온대*2, 위지온대*3" },
      "REP2_NM_ENC": { "value": "04124a6243473c59f2b5a3661abc6891d05b08da6f578080019e959b56f97189d865eeec6f9d26466ff0dbb39b22a67ecb" },
      "REP2_NM_HASH": { "value": "d1ccd12717f041be690184057b2dfb43e9d3fb9e6f04b8fdf60c3e37238ad653" },
      "REP_BIRTH_DT": { "value": "1990****" },
      "REP_BIRTH_DT_ENC": { "value": "04de4bbd79334887cecda4428a082dbdd7" },
      "REP_BIRTH_DT_HASH": { "value": "e9451f79b1a5b4765b1ff4eda617db95db5a785bcda2766d88f0cfd82bf60e55" },
      "REP2_BIRTH_DT": { "value": "2000****, 2025****" },
      "REP2_BIRTH_DT_ENC": { "value": "04cec1da2929798bddb17fdae434064ae5c02e69d8c491b6dba630b73c5e46ba36" },
      "REP2_BIRTH_DT_HASH": { "value": "7156d263da7c1095d22fa68799a125f779fd69db2a5c2397d52a41c95ac22a7f" },
      "OVER_FLG": { "value": "0" },
      "MAIN_GOODS_NM": { "value": "소프트웨어" },
      "CONT_DT": { "value": "20260126" },
      "INSURE_TYPE": { "value": "0" },
      "INSURE_AMT": { "value": null },
      "INSURE_FR_DT": { "value": null },
      "INSURE_TO_DT": { "value": null },
      "COLLAT_AMT": { "value": "10000" },
      "COLLAT_IN_DT": { "value": "20260101" },
      "TEL_NO": { "value": "01099999999" },
      "FAX_NO": { "value": "01099999999" },
      "EMAIL": { "value": "wy****@wiezon.com" },
      "EMAIL_ENC": { "value": "049d51030aeb7dd767ea15b65ce90572248f926f04b33d2d28329a40cf99529c06" },
      "EMAIL_HASH": { "value": "287be60cdbfff2eba1f7e44c7385c40205d5ea4f9ddf098ee3be7007adf69db5" },
      "ADDR_NO1": { "value": "서울 구로구 도림천로 477" },
      "ADDR_NO2": { "value": "1번출구" },
      "POST_NO": { "value": "08391" },
      "RADDR_NO1": { "value": "서울 구로구 도림천로 477" },
      "RADDR_NO2": { "value": "1번출구" },
      "RPOST_NO": { "value": "08391" },
      "CONT_NM": { "value": "위*온" },
      "CONT_NM_ENC": { "value": "047a1363891c7e70e7eb1e6b7ff6967c75" },
      "CONT_NM_HASH": { "value": "13f938e10bce18055d00ccd0b7e9b10c082ab100347c35afc0d6e71383289e3e" },
      "CONT_TEL": { "value": "01099999999" },
      "CONT_HP": { "value": "010****9999" },
      "CONT_HP_ENC": { "value": "040a861e20e381c72fc87ce92062663e10" },
      "CONT_HP_HASH": { "value": "5ce7480da9abbb367f37ede1f4389a06231c2ad1015625f13f341f0dce3e006f" },
      "CONT_EMAIL": { "value": "wy****@wiezon.com" },
      "CONT_EMAIL_ENC": { "value": "049d51030aeb7dd767ea15b65ce90572248f926f04b33d2d28329a40cf99529c06" },
      "CONT_EMAIL_HASH": { "value": "287be60cdbfff2eba1f7e44c7385c40205d5ea4f9ddf098ee3be7007adf69db5" },
      "STMT_NM": { "value": "위지*2" },
      "STMT_NM_ENC": { "value": "04acc599e12fd6230e5c711ef4358e8913" },
      "STMT_NM_HASH": { "value": "8086d92d71a7e80a06002d4855e473c3d5d5c18f8da2bc06526542c52b90d0c6" },
      "STMT_TEL": { "value": "01099999999" },
      "STMT_HP": { "value": "010****9999" },
      "STMT_HP_ENC": { "value": "040a861e20e381c72fc87ce92062663e10" },
      "STMT_HP_HASH": { "value": "5ce7480da9abbb367f37ede1f4389a06231c2ad1015625f13f341f0dce3e006f" },
      "STMT_EMAIL": { "value": "wy****@wiezon.com" },
      "STMT_EMAIL_ENC": { "value": "049d51030aeb7dd767ea15b65ce90572248f926f04b33d2d28329a40cf99529c06" },
      "STMT_EMAIL_HASH": { "value": "287be60cdbfff2eba1f7e44c7385c40205d5ea4f9ddf098ee3be7007adf69db5" },
      "TECH_NM": { "value": "위지*3" },
      "TECH_NM_ENC": { "value": "04c6ce04d1febed963cd917eb69f805932" },
      "TECH_NM_HASH": { "value": "0ac3c77878ac04fa38734dd5e78299719f35195e5aa23a46942aad143b6c07e3" },
      "TECH_TEL": { "value": "01099999999" },
      "TECH_HP": { "value": "010****9999" },
      "TECH_HP_ENC": { "value": "040a861e20e381c72fc87ce92062663e10" },
      "TECH_HP_HASH": { "value": "5ce7480da9abbb367f37ede1f4389a06231c2ad1015625f13f341f0dce3e006f" },
      "TECH_EMAIL": { "value": "wy****@wiezon.com" },
      "TECH_EMAIL_ENC": { "value": "049d51030aeb7dd767ea15b65ce90572248f926f04b33d2d28329a40cf99529c06" },
      "TECH_EMAIL_HASH": { "value": "287be60cdbfff2eba1f7e44c7385c40205d5ea4f9ddf098ee3be7007adf69db5" },
      "ON_SVC_LST": { "value": "01,03,61," },
      "PAY_FRSTFEE_TYPE": { "value": "02" },
      "PAY_YEARFEE_TYPE": { "value": "02" },
      "CONTDOC_RCVR_FLG": { "value": "1" },
      "RECV_CH_CD": { "value": "0001" },
      "CONT_ST_CD": { "value": "88" },
      "CONT_EMP_NO": { "value": "987654321" },
      "MGR1_EMP_NO": { "value": "987654321" },
      "CO_REG_NO": { "value": "123***1231" },
      "CO_REG_NO_ENC": { "value": "0419bdbd215f46c14220d0ff1c238b5064" },
      "CO_REG_NO_HASH": { "value": "7057b789f82bf60590eb93bf5747223404823ec2281825349220249d3f48d297" },
      "COBS_KIND_CD": { "value": "J:62:62010" },
      "TAX_EMAIL": { "value": "wypark@wiezon.com" },
      "CO_GRADE": { "value": "A" }
    }
  ]
}