{
  "table": "TBSI_PTN_FEE",
  "rows": [
    {
      "PTN_CD": { "value": "13" },
      "PTN_CPID": { "value": "certification_cpid" },
      "PM_CD": { "value": "01" },
      "SPM_CD": { "value": "01" },
      "CP_CD": { "value": "*" },
      "EZP_AUTH_CD": { "value": "00" },
      "SM_MBS_CD": { "value": "00" },
      "FR_DT": { "value": "20260126" },
      "TO_DT": { "value": "99999999" },
      "FEE_TYPE_CD": { "value": "2" },
      "FEE_RATE": { "value": "1" },
      "POINT_FEE_RATE": { "value": 0 },
      "MIN_FEE_RATE": { "value": "1" },
      "FR_AMT": { "value": 0 },
      "TO_AMT": { "value": 999999999999 },
      "DPST_CYCLE_CD": { "value": "D1" },
      "MEMO": { "value": "galaxia" },
      "REG_DT": { "value": "CUR_YYMMDD" },
      "DPST_IN_TYPE": { "value": null },
      "DPST_CALC_TYPE": { "value": null },
      "WORKER": { "value": "admin" },
      "REG_DNT": { "value": "CUR_YYMMDDHHIISS" }
    },
    {
      "PTN_CD": { "value": "13" },
      "PTN_CPID": { "value": "certification_cpid" },
      "PM_CD": { "value": "01" },
      "SPM_CD": { "value": "01" },
      "CP_CD": { "value": "*" },
      "EZP_AUTH_CD": { "value": "00" },
      "SM_MBS_CD": { "value": "A1" },
      "FR_DT": { "value": "20260126" },
      "TO_DT": { "value": "99999999" },
      "FEE_TYPE_CD": { "value": "2" },
      "FEE_RATE": { "value": "1" },
      "POINT_FEE_RATE": { "value": 0 },
      "MIN_FEE_RATE": { "value": "1" },
      "FR_AMT": { "value": 0 },
      "TO_AMT": { "value": 999999999999 },
      "DPST_CYCLE_CD": { "value": "D1" },
      "MEMO": { "value": "galaxia" },
      "REG_DT": { "value": "CUR_YYMMDD" },
      "DPST_IN_TYPE": { "value": null },
      "DPST_CALC_TYPE": { "value": null },
      "WORKER": { "value": "admin" },
      "REG_DNT": { "value": "CUR_YYMMDDHHIISS" }
    },
    {
      "PTN_CD": { "value": "13" },
      "PTN_CPID": { "value": "certification_cpid" },
      "PM_CD": { "value": "01" },
      "SPM_CD": { "value": "01" },
      "CP_CD": { "value": "*" },
      "EZP_AUTH_CD": { "value": "00" },
      "SM_MBS_CD": { "value": "B1" },
      "FR_DT": { "value": "20260126" },
      "TO_DT": { "value": "99999999" },
      "FEE_TYPE_CD": { "value": "2" },
      "FEE_RATE": { "value": "1" },
      "POINT_FEE_RATE": { "value": 0 },
      "MIN_FEE_RATE": { "value": "1" },
      "FR_AMT": { "value": 0 },
      "TO_AMT": { "value": 999999999999 },
      "DPST_CYCLE_CD": { "value": "D1" },
      "MEMO": { "value": "galaxia" },
      "REG_DT": { "value": "CUR_YYMMDD" },
      "DPST_IN_TYPE": { "value": null },
      "DPST_CALC_TYPE": { "value": null },
      "WORKER": { "value": "admin" },
      "REG_DNT": { "value": "CUR_YYMMDDHHIISS" }
    },
    {
      "PTN_CD": { "value": "13" },
      "PTN_CPID": { "value": "certification_cpid" },
      "PM_CD": { "value": "01" },
      "SPM_CD": { "value": "01" },
      "CP_CD": { "value": "*" },
      "EZP_AUTH_CD": { "value": "00" },
      "SM_MBS_CD": { "value": "B2" },
      "FR_DT": { "value": "20260126" },
      "TO_DT": { "value": "99999999" },
      "FEE_TYPE_CD": { "value": "2" },
      "FEE_RATE": { "value": "1" },
      "POINT_FEE_RATE": { "value": 0 },
      "MIN_FEE_RATE": { "value": "1" },
      "FR_AMT": { "value": 0 },
      "TO_AMT": { "value": 999999999999 },
      "DPST_CYCLE_CD": { "value": "D1" },
      "MEMO": { "value": "galaxia" },
      "REG_DT": { "value": "CUR_YYMMDD" },
      "DPST_IN_TYPE": { "value": null },
      "DPST_CALC_TYPE": { "value": null },
      "WORKER": { "value": "admin" },
      "REG_DNT": { "value": "CUR_YYMMDDHHIISS" }
    },
    {
      "PTN_CD": { "value": "13" },
      "PTN_CPID": { "value": "certification_cpid" },
      "PM_CD": { "value": "01" },
      "SPM_CD": { "value": "01" },
      "CP_CD": { "value": "*" },
      "EZP_AUTH_CD": { "value": "00" },
      "SM_MBS_CD": { "value": "B3" },
      "FR_DT": { "value": "20260126" },
      "TO_DT": { "value": "99999999" },
      "FEE_TYPE_CD": { "value": "2" },
      "FEE_RATE": { "value": "1" },
      "POINT_FEE_RATE": { "value": 0 },
      "MIN_FEE_RATE": { "value": "1" },
      "FR_AMT": { "value": 0 },
      "TO_AMT": { "value": 999999999999 },
      "DPST_CYCLE_CD": { "value": "D1" },
      "MEMO": { "value": "galaxia" },
      "REG_DT": { "value": "CUR_YYMMDD" },
      "DPST_IN_TYPE": { "value": null },
      "DPST_CALC_TYPE": { "value": null },
      "WORKER": { "value": "admin" },
      "REG_DNT": { "value": "CUR_YYMMDDHHIISS" }
    },
    {
      "PTN_CD": { "value": "13" },
      "PTN_CPID": { "value": "old_cert_cpid" },
      "PM_CD": { "value": "01" },
      "SPM_CD": { "value": "02" },
      "CP_CD": { "value": "*" },
      "EZP_AUTH_CD": { "value": "00" },
      "SM_MBS_CD": { "value": "00" },
      "FR_DT": { "value": "20260126" },
      "TO_DT": { "value": "99999999" },
      "FEE_TYPE_CD": { "value": "2" },
      "FEE_RATE": { "value": "1" },
      "POINT_FEE_RATE": { "value": 0 },
      "MIN_FEE_RATE": { "value": "1" },
      "FR_AMT": { "value": 0 },
      "TO_AMT": { "value": 999999999999 },
      "DPST_CYCLE_CD": { "value": "D1" },
      "MEMO": { "value": "galaxia" },
      "REG_DT": { "value": "CUR_YYMMDD" },
      "DPST_IN_TYPE": { "value": null },
      "DPST_CALC_TYPE": { "value": null },
      "WORKER": { "value": "admin" },
      "REG_DNT": { "value": "CUR_YYMMDDHHIISS" }
    },
    {
      "PTN_CD": { "value": "13" },
      "PTN_CPID": { "value": "old_cert_cpid" },
      "PM_CD": { "value": "01" },
      "SPM_CD": { "value": "02" },
      "CP_CD": { "value": "*" },
      "EZP_AUTH_CD": { "value": "00" },
      "SM_MBS_CD": { "value": "A1" },
      "FR_DT": { "value": "20260126" },
      "TO_DT": { "value": "99999999" },
      "FEE_TYPE_CD": { "value": "2" },
      "FEE_RATE": { "value": "1" },
      "POINT_FEE_RATE": { "value": 0 },
      "MIN_FEE_RATE": { "value": "1" },
      "FR_AMT": { "value": 0 },
      "TO_AMT": { "value": 999999999999 },
      "DPST_CYCLE_CD": { "value": "D1" },
      "MEMO": { "value": "galaxia" },
      "REG_DT": { "value": "CUR_YYMMDD" },
      "DPST_IN_TYPE": { "value": null },
      "DPST_CALC_TYPE": { "value": null },
      "WORKER": { "value": "admin" },
      "REG_DNT": { "value": "CUR_YYMMDDHHIISS" }
    },
    {
      "PTN_CD": { "value": "13" },
      "PTN_CPID": { "value": "old_cert_cpid" },
      "PM_CD": { "value": "01" },
      "SPM_CD": { "value": "02" },
      "CP_CD": { "value": "*" },
      "EZP_AUTH_CD": { "value": "00" },
      "SM_MBS_CD": { "value": "B1" },
      "FR_DT": { "value": "20260126" },
      "TO_DT": { "value": "99999999" },
      "FEE_TYPE_CD": { "value": "2" },
      "FEE_RATE": { "value": "1" },
      "POINT_FEE_RATE": { "value": 0 },
      "MIN_FEE_RATE": { "value": "1" },
      "FR_AMT": { "value": 0 },
      "TO_AMT": { "value": 999999999999 },
      "DPST_CYCLE_CD": { "value": "D1" },
      "MEMO": { "value": "galaxia" },
      "REG_DT": { "value": "CUR_YYMMDD" },
      "DPST_IN_TYPE": { "value": null },
      "DPST_CALC_TYPE": { "value": null },
      "WORKER": { "value": "admin" },
      "REG_DNT": { "value": "CUR_YYMMDDHHIISS" }
    },
    {
      "PTN_CD": { "value": "13" },
      "PTN_CPID": { "value": "old_cert_cpid" },
      "PM_CD": { "value": "01" },
      "SPM_CD": { "value": "02" },
      "CP_CD": { "value": "*" },
      "EZP_AUTH_CD": { "value": "00" },
      "SM_MBS_CD": { "value": "B2" },
      "FR_DT": { "value": "20260126" },
      "TO_DT": { "value": "99999999" },
      "FEE_TYPE_CD": { "value": "2" },
      "FEE_RATE": { "value": "1" },
      "POINT_FEE_RATE": { "value": 0 },
      "MIN_FEE_RATE": { "value": "1" },
      "FR_AMT": { "value": 0 },
      "TO_AMT": { "value": 999999999999 },
      "DPST_CYCLE_CD": { "value": "D1" },
      "MEMO": { "value": "galaxia" },
      "REG_DT": { "value": "CUR_YYMMDD" },
      "DPST_IN_TYPE": { "value": null },
      "DPST_CALC_TYPE": { "value": null },
      "WORKER": { "value": "admin" },
      "REG_DNT": { "value": "CUR_YYMMDDHHIISS" }
    },
    {
      "PTN_CD": { "value": "13" },
      "PTN_CPID": { "value": "old_cert_cpid" },
      "PM_CD": { "value": "01" },
      "SPM_CD": { "value": "02" },
      "CP_CD": { "value": "*" },
      "EZP_AUTH_CD": { "value": "00" },
      "SM_MBS_CD": { "value": "B3" },
      "FR_DT": { "value": "20260126" },
      "TO_DT": { "value": "99999999" },
      "FEE_TYPE_CD": { "value": "2" },
      "FEE_RATE": { "value": "1" },
      "POINT_FEE_RATE": { "value": 0 },
      "MIN_FEE_RATE": { "value": "1" },
      "FR_AMT": { "value": 0 },
      "TO_AMT": { "value": 999999999999 },
      "DPST_CYCLE_CD": { "value": "D1" },
      "MEMO": { "value": "galaxia" },
      "REG_DT": { "value": "CUR_YYMMDD" },
      "DPST_IN_TYPE": { "value": null },
      "DPST_CALC_TYPE": { "value": null },
      "WORKER": { "value": "admin" },
      "REG_DNT": { "value": "CUR_YYMMDDHHIISS" }
    },
    {
      "PTN_CD": { "value": "13" },
      "PTN_CPID": { "value": "no_cert_cpid" },
      "PM_CD": { "value": "01" },
      "SPM_CD": { "value": "05" },
      "CP_CD": { "value": "*" },
      "EZP_AUTH_CD": { "value": "00" },
      "SM_MBS_CD": { "value": "00" },
      "FR_DT": { "value": "20260126" },
      "TO_DT": { "value": "99999999" },
      "FEE_TYPE_CD": { "value": "2" },
      "FEE_RATE": { "value": "1" },
      "POINT_FEE_RATE": { "value": 0 },
      "MIN_FEE_RATE": { "value": "1" },
      "FR_AMT": { "value": 0 },
      "TO_AMT": { "value": 999999999999 },
      "DPST_CYCLE_CD": { "value": "D1" },
      "MEMO": { "value": "galaxia" },
      "REG_DT": { "value": "CUR_YYMMDD" },
      "DPST_IN_TYPE": { "value": null },
      "DPST_CALC_TYPE": { "value": null },
      "WORKER": { "value": "admin" },
      "REG_DNT": { "value": "CUR_YYMMDDHHIISS" }
    },
    {
      "PTN_CD": { "value": "13" },
      "PTN_CPID": { "value": "no_cert_cpid" },
      "PM_CD": { "value": "01" },
      "SPM_CD": { "value": "05" },
      "CP_CD": { "value": "*" },
      "EZP_AUTH_CD": { "value": "00" },
      "SM_MBS_CD": { "value": "A1" },
      "FR_DT": { "value": "20260126" },
      "TO_DT": { "value": "99999999" },
      "FEE_TYPE_CD": { "value": "2" },
      "FEE_RATE": { "value": "1" },
      "POINT_FEE_RATE": { "value": 0 },
      "MIN_FEE_RATE": { "value": "1" },
      "FR_AMT": { "value": 0 },
      "TO_AMT": { "value": 999999999999 },
      "DPST_CYCLE_CD": { "value": "D1" },
      "MEMO": { "value": "galaxia" },
      "REG_DT": { "value": "CUR_YYMMDD" },
      "DPST_IN_TYPE": { "value": null },
      "DPST_CALC_TYPE": { "value": null },
      "WORKER": { "value": "admin" },
      "REG_DNT": { "value": "CUR_YYMMDDHHIISS" }
    },
    {
      "PTN_CD": { "value": "13" },
      "PTN_CPID": { "value": "no_cert_cpid" },
      "PM_CD": { "value": "01" },
      "SPM_CD": { "value": "05" },
      "CP_CD": { "value": "*" },
      "EZP_AUTH_CD": { "value": "00" },
      "SM_MBS_CD": { "value": "B1" },
      "FR_DT": { "value": "20260126" },
      "TO_DT": { "value": "99999999" },
      "FEE_TYPE_CD": { "value": "2" },
      "FEE_RATE": { "value": "1" },
      "POINT_FEE_RATE": { "value": 0 },
      "MIN_FEE_RATE": { "value": "1" },
      "FR_AMT": { "value": 0 },
      "TO_AMT": { "value": 999999999999 },
      "DPST_CYCLE_CD": { "value": "D1" },
      "MEMO": { "value": "galaxia" },
      "REG_DT": { "value": "CUR_YYMMDD" },
      "DPST_IN_TYPE": { "value": null },
      "DPST_CALC_TYPE": { "value": null },
      "WORKER": { "value": "admin" },
      "REG_DNT": { "value": "CUR_YYMMDDHHIISS" }
    },
    {
      "PTN_CD": { "value": "13" },
      "PTN_CPID": { "value": "no_cert_cpid" },
      "PM_CD": { "value": "01" },
      "SPM_CD": { "value": "05" },
      "CP_CD": { "value": "*" },
      "EZP_AUTH_CD": { "value": "00" },
      "SM_MBS_CD": { "value": "B2" },
      "FR_DT": { "value": "20260126" },
      "TO_DT": { "value": "99999999" },
      "FEE_TYPE_CD": { "value": "2" },
      "FEE_RATE": { "value": "1" },
      "POINT_FEE_RATE": { "value": 0 },
      "MIN_FEE_RATE": { "value": "1" },
      "FR_AMT": { "value": 0 },
      "TO_AMT": { "value": 999999999999 },
      "DPST_CYCLE_CD": { "value": "D1" },
      "MEMO": { "value": "galaxia" },
      "REG_DT": { "value": "CUR_YYMMDD" },
      "DPST_IN_TYPE": { "value": null },
      "DPST_CALC_TYPE": { "value": null },
      "WORKER": { "value": "admin" },
      "REG_DNT": { "value": "CUR_YYMMDDHHIISS" }
    },
    {
      "PTN_CD": { "value": "13" },
      "PTN_CPID": { "value": "no_cert_cpid" },
      "PM_CD": { "value": "01" },
      "SPM_CD": { "value": "05" },
      "CP_CD": { "value": "*" },
      "EZP_AUTH_CD": { "value": "00" },
      "SM_MBS_CD": { "value": "B3" },
      "FR_DT": { "value": "20260126" },
      "TO_DT": { "value": "99999999" },
      "FEE_TYPE_CD": { "value": "2" },
      "FEE_RATE": { "value": "1" },
      "POINT_FEE_RATE": { "value": 0 },
      "MIN_FEE_RATE": { "value": "1" },
      "FR_AMT": { "value": 0 },
      "TO_AMT": { "value": 999999999999 },
      "DPST_CYCLE_CD": { "value": "D1" },
      "MEMO": { "value": "galaxia" },
      "REG_DT": { "value": "CUR_YYMMDD" },
      "DPST_IN_TYPE": { "value": null },
      "DPST_CALC_TYPE": { "value": null },
      "WORKER": { "value": "admin" },
      "REG_DNT": { "value": "CUR_YYMMDDHHIISS" }
    },
    {
      "PTN_CD": { "value": "13" },
      "PTN_CPID": { "value": "offline_cpid" },
      "PM_CD": { "value": "01" },
      "SPM_CD": { "value": "03" },
      "CP_CD": { "value": "*" },
      "EZP_AUTH_CD": { "value": "00" },
      "SM_MBS_CD": { "value": "00" },
      "FR_DT": { "value": "20260126" },
      "TO_DT": { "value": "99999999" },
      "FEE_TYPE_CD": { "value": "2" },
      "FEE_RATE": { "value": "1" },
      "POINT_FEE_RATE": { "value": 0 },
      "MIN_FEE_RATE": { "value": "1" },
      "FR_AMT": { "value": 0 },
      "TO_AMT": { "value": 999999999999 },
      "DPST_CYCLE_CD": { "value": "D1" },
      "MEMO": { "value": "galaxia" },
      "REG_DT": { "value": "CUR_YYMMDD" },
      "DPST_IN_TYPE": { "value": null },
      "DPST_CALC_TYPE": { "value": null },
      "WORKER": { "value": "admin" },
      "REG_DNT": { "value": "CUR_YYMMDDHHIISS" }
    },
    {
      "PTN_CD": { "value": "13" },
      "PTN_CPID": { "value": "offline_cpid" },
      "PM_CD": { "value": "01" },
      "SPM_CD": { "value": "03" },
      "CP_CD": { "value": "*" },
      "EZP_AUTH_CD": { "value": "00" },
      "SM_MBS_CD": { "value": "A1" },
      "FR_DT": { "value": "20260126" },
      "TO_DT": { "value": "99999999" },
      "FEE_TYPE_CD": { "value": "2" },
      "FEE_RATE": { "value": "1" },
      "POINT_FEE_RATE": { "value": 0 },
      "MIN_FEE_RATE": { "value": "1" },
      "FR_AMT": { "value": 0 },
      "TO_AMT": { "value": 999999999999 },
      "DPST_CYCLE_CD": { "value": "D1" },
      "MEMO": { "value": "galaxia" },
      "REG_DT": { "value": "CUR_YYMMDD" },
      "DPST_IN_TYPE": { "value": null },
      "DPST_CALC_TYPE": { "value": null },
      "WORKER": { "value": "admin" },
      "REG_DNT": { "value": "CUR_YYMMDDHHIISS" }
    },
    {
      "PTN_CD": { "value": "13" },
      "PTN_CPID": { "value": "offline_cpid" },
      "PM_CD": { "value": "01" },
      "SPM_CD": { "value": "03" },
      "CP_CD": { "value": "*" },
      "EZP_AUTH_CD": { "value": "00" },
      "SM_MBS_CD": { "value": "B1" },
      "FR_DT": { "value": "20260126" },
      "TO_DT": { "value": "99999999" },
      "FEE_TYPE_CD": { "value": "2" },
      "FEE_RATE": { "value": "1" },
      "POINT_FEE_RATE": { "value": 0 },
      "MIN_FEE_RATE": { "value": "1" },
      "FR_AMT": { "value": 0 },
      "TO_AMT": { "value": 999999999999 },
      "DPST_CYCLE_CD": { "value": "D1" },
      "MEMO": { "value": "galaxia" },
      "REG_DT": { "value": "CUR_YYMMDD" },
      "DPST_IN_TYPE": { "value": null },
      "DPST_CALC_TYPE": { "value": null },
      "WORKER": { "value": "admin" },
      "REG_DNT": { "value": "CUR_YYMMDDHHIISS" }
    },
    {
      "PTN_CD": { "value": "13" },
      "PTN_CPID": { "value": "offline_cpid" },
      "PM_CD": { "value": "01" },
      "SPM_CD": { "value": "03" },
      "CP_CD": { "value": "*" },
      "EZP_AUTH_CD": { "value": "00" },
      "SM_MBS_CD": { "value": "B2" },
      "FR_DT": { "value": "20260126" },
      "TO_DT": { "value": "99999999" },
      "FEE_TYPE_CD": { "value": "2" },
      "FEE_RATE": { "value": "1" },
      "POINT_FEE_RATE": { "value": 0 },
      "MIN_FEE_RATE": { "value": "1" },
      "FR_AMT": { "value": 0 },
      "TO_AMT": { "value": 999999999999 },
      "DPST_CYCLE_CD": { "value": "D1" },
      "MEMO": { "value": "galaxia" },
      "REG_DT": { "value": "CUR_YYMMDD" },
      "DPST_IN_TYPE": { "value": null },
      "DPST_CALC_TYPE": { "value": null },
      "WORKER": { "value": "admin" },
      "REG_DNT": { "value": "CUR_YYMMDDHHIISS" }
    },
    {
      "PTN_CD": { "value": "13" },
      "PTN_CPID": { "value": "offline_cpid" },
      "PM_CD": { "value": "01" },
      "SPM_CD": { "value": "03" },
      "CP_CD": { "value": "*" },
      "EZP_AUTH_CD": { "value": "00" },
      "SM_MBS_CD": { "value": "B3" },
      "FR_DT": { "value": "20260126" },
      "TO_DT": { "value": "99999999" },
      "FEE_TYPE_CD": { "value": "2" },
      "FEE_RATE": { "value": "1" },
      "POINT_FEE_RATE": { "value": 0 },
      "MIN_FEE_RATE": { "value": "1" },
      "FR_AMT": { "value": 0 },
      "TO_AMT": { "value": 999999999999 },
      "DPST_CYCLE_CD": { "value": "D1" },
      "MEMO": { "value": "galaxia" },
      "REG_DT": { "value": "CUR_YYMMDD" },
      "DPST_IN_TYPE": { "value": null },
      "DPST_CALC_TYPE": { "value": null },
      "WORKER": { "value": "admin" },
      "REG_DNT": { "value": "CUR_YYMMDDHHIISS" }
    }
  ]
}