{
  "table": "TBSI_CHG_HIST",
  "rows": [
    {
      "ID_CD": { "value": "1" },
      "ID": { "value": "wzonTest0m" },
      "TB_NM": { "value": "TBSI_MBS" },
      "BEFORE_VALUE": { "value": "SMS 수수료 : , SMS 적용시작일자 : " },
      "AFTER_VALUE": { "value": "SMS 수수료 : 10, SMS 적용시작일자 : 20260126" },
      "WORK_IP": { "value": "0:0:0:0:0:0:0:1" },
      "CHG_DT": { "value": "CUR_YYMMDD" },
      "CHG_TM": { "value": "CUR_HHIISS" },
      "WORKER": { "value": "admin" },
      "REG_DNT": { "value": "CUR_YYMMDDHHIISS" }
    },
    {
      "ID_CD": { "value": "1" },
      "ID": { "value": "wzonTest0m" },
      "TB_NM": { "value": "TBSI_MBS" },
      "BEFORE_VALUE": { "value": "SMS 결제가능 여부 : 0, MMS 결제메뉴 권한 여부 : 0, " },
      "AFTER_VALUE": { "value": "SMS 결제가능 여부 : 1, MMS 결제메뉴 권한 여부 : 1" },
      "WORK_IP": { "value": "0:0:0:0:0:0:0:1" },
      "CHG_DT": { "value": "CUR_YYMMDD" },
      "CHG_TM": { "value": "CUR_HHIISS" },
      "WORKER": { "value": "admin" },
      "REG_DNT": { "value": "CUR_YYMMDDHHIISS" }
    }
  ]
}