{
  "table": "TBSI_MBS",
  "rows": [
    {
      "MID": { "value": "wzonTest0m" },
      "SIGN_NM": { "value": "위지온테스트매장1" },
      "CO_NO": { "value": "1232332124" },
      "CO_NM": { "value": "위지온테스트" },
      "GID": { "value": "wzonTest0g" },
      "VID": { "value": "wzonTest0a" },
      "MBS_GRADE": { "value": "A" },
      "MID_URL": { "value": "localhost:9999" },
      "MID_USE_TYPE_CD": { "value": "1" },
      "TEL_NO": { "value": "01099999999" },
      "FAX_NO": { "value": "01099999999" },
      "REP_NM": { "value": "위지온대표1 * 2명" },
      "REP_NM_ENC": { "value": "040d1078f818466828d24cfed2efc0dd03364dcca3be804b767b4d0267c78dc7b7" },
      "REP_NM_HASH": { "value": "03189c0a3615247908bca46f9d5956c1d713429bd42df115519d9e1182feddeb" },
      "CONT_EMP_NM": { "value": "위*온" },
      "CONT_EMP_NM_ENC": { "value": "047a1363891c7e70e7eb1e6b7ff6967c75" },
      "CONT_EMP_NM_HASH": { "value": "13f938e10bce18055d00ccd0b7e9b10c082ab100347c35afc0d6e71383289e3e" },
      "CONT_EMP_TEL": { "value": "01099999999" },
      "CONT_EMP_HP": { "value": "010****9999" },
      "CONT_EMP_HP_ENC": { "value": "040a861e20e381c72fc87ce92062663e10" },
      "CONT_EMP_HP_HASH": { "value": "5ce7480da9abbb367f37ede1f4389a06231c2ad1015625f13f341f0dce3e006f" },
      "CONT_EMP_EMAIL": { "value": "wy****@wiezon.com" },
      "CONT_EMP_EMAIL_ENC": { "value": "049d51030aeb7dd767ea15b65ce90572248f926f04b33d2d28329a40cf99529c06" },
      "CONT_EMP_EMAIL_HASH": { "value": "287be60cdbfff2eba1f7e44c7385c40205d5ea4f9ddf098ee3be7007adf69db5" },
      "STMT_EMP_NM": { "value": "위지*2" },
      "STMT_EMP_NM_ENC": { "value": "04acc599e12fd6230e5c711ef4358e8913" },
      "STMT_EMP_NM_HASH": { "value": "8086d92d71a7e80a06002d4855e473c3d5d5c18f8da2bc06526542c52b90d0c6" },
      "STMT_EMP_TEL": { "value": "01099999999" },
      "STMT_EMP_HP": { "value": "010****9999" },
      "STMT_EMP_HP_ENC": { "value": "040a861e20e381c72fc87ce92062663e10" },
      "STMT_EMP_HP_HASH": { "value": "5ce7480da9abbb367f37ede1f4389a06231c2ad1015625f13f341f0dce3e006f" },
      "STMT_EMP_EMAIL": { "value": "wy****@wiezon.com" },
      "STMT_EMP_EMAIL_ENC": { "value": "049d51030aeb7dd767ea15b65ce90572248f926f04b33d2d28329a40cf99529c06" },
      "STMT_EMP_EMAIL_HASH": { "value": "287be60cdbfff2eba1f7e44c7385c40205d5ea4f9ddf098ee3be7007adf69db5" },
      "TECH_EMP_NM": { "value": "위지*3" },
      "TECH_EMP_NM_ENC": { "value": "04c6ce04d1febed963cd917eb69f805932" },
      "TECH_EMP_NM_HASH": { "value": "0ac3c77878ac04fa38734dd5e78299719f35195e5aa23a46942aad143b6c07e3" },
      "TECH_EMP_TEL": { "value": "01099999999" },
      "TECH_EMP_HP": { "value": "010****9999" },
      "TECH_EMP_HP_ENC": { "value": "040a861e20e381c72fc87ce92062663e10" },
      "TECH_EMP_HP_HASH": { "value": "5ce7480da9abbb367f37ede1f4389a06231c2ad1015625f13f341f0dce3e006f" },
      "TECH_EMP_EMAIL": { "value": "wy****@wiezon.com" },
      "TECH_EMP_EMAIL_ENC": { "value": "049d51030aeb7dd767ea15b65ce90572248f926f04b33d2d28329a40cf99529c06" },
      "TECH_EMP_EMAIL_HASH": { "value": "287be60cdbfff2eba1f7e44c7385c40205d5ea4f9ddf098ee3be7007adf69db5" },
      "EMAIL": { "value": "wy****@wiezon.com" },
      "EMAIL_ENC": { "value": "049d51030aeb7dd767ea15b65ce90572248f926f04b33d2d28329a40cf99529c06" },
      "EMAIL_HASH": { "value": "287be60cdbfff2eba1f7e44c7385c40205d5ea4f9ddf098ee3be7007adf69db5" },
      "CONT_EMP_NO": { "value": "987654321" },
      "MGR1_EMP_NO": { "value": "987654321" },
      "MBS_TYPE_CD": { "value": "1" },
      "CONT_DT": { "value": "20260126" },
      "BS_KIND_CD": { "value": "9999:0000" },
      "RECV_CH_CD": { "value": "0001" },
      "WORKER": { "value": "admin" },
      "ACNT_RISK_GRADE": { "value": null },
      "L1_VID": { "value": "wzonTest0a" },
      "L2_VID": { "value": "" },
      "L3_VID": { "value": "" },
      "L4_VID": { "value": "" },
      "L5_VID": { "value": "" },
      "REG_DT": { "value": "CUR_YYMMDD" },
      "REG_DNT": { "value": "CUR_YYMMDDHHIISS" },
      "POST_NO": { "value": "08391" },
      "ADDR_NO1": { "value": "서울 구로구 도림천로 477" },
      "ADDR_NO2": { "value": "1번출구" },
      "RPOST_NO": { "value": "08391" },
      "RADDR_NO1": { "value": "서울 구로구 도림천로 477" },
      "RADDR_NO2": { "value": "1번출구" },
      "ACNT_NO_ENC": { "value": "" },
      "CRCT_CULT_FLG": { "value": null },
      "MALL_TYPE_CD": { "value": "0" }
    }
  ]
}