{
  "table": "TBSI_STMT_FEE",
  "rows": [
    { "ID": { "value": "wzonTest0m" }, "ID_CD": { "value": "1" }, "PM_CD": { "value": "01" }, "SPM_CD": { "value": "01" }, "CP_CD": { "value": "*" }, "FR_DT": { "value": "20260126" }, "TO_DT": { "value": "99999999" }, "FEE": { "value": "1" }, "POINT_FEE": { "value": null }, "CHK_FEE": { "value": null }, "FEE_TYPE_CD": { "value": "2" }, "WORKER": { "value": "admin" }, "REG_DNT": { "value": "CUR_YYMMDDHHIISS" }, "USE_ST_TYPE": { "value": "1" }, "SM_MBS_CD": { "value": "00" } },
    { "ID": { "value": "wzonTest0m" }, "ID_CD": { "value": "1" }, "PM_CD": { "value": "01" }, "SPM_CD": { "value": "01" }, "CP_CD": { "value": "*" }, "FR_DT": { "value": "20260126" }, "TO_DT": { "value": "99999999" }, "FEE": { "value": "1" }, "POINT_FEE": { "value": null }, "CHK_FEE": { "value": null }, "FEE_TYPE_CD": { "value": "2" }, "WORKER": { "value": "admin" }, "REG_DNT": { "value": "CUR_YYMMDDHHIISS" }, "USE_ST_TYPE": { "value": "1" }, "SM_MBS_CD": { "value": "A1" } },
    { "ID": { "value": "wzonTest0m" }, "ID_CD": { "value": "1" }, "PM_CD": { "value": "01" }, "SPM_CD": { "value": "01" }, "CP_CD": { "value": "*" }, "FR_DT": { "value": "20260126" }, "TO_DT": { "value": "99999999" }, "FEE": { "value": "1" }, "POINT_FEE": { "value": null }, "CHK_FEE": { "value": null }, "FEE_TYPE_CD": { "value": "2" }, "WORKER": { "value": "admin" }, "REG_DNT": { "value": "CUR_YYMMDDHHIISS" }, "USE_ST_TYPE": { "value": "1" }, "SM_MBS_CD": { "value": "B1" } },
    { "ID": { "value": "wzonTest0m" }, "ID_CD": { "value": "1" }, "PM_CD": { "value": "01" }, "SPM_CD": { "value": "01" }, "CP_CD": { "value": "*" }, "FR_DT": { "value": "20260126" }, "TO_DT": { "value": "99999999" }, "FEE": { "value": "1" }, "POINT_FEE": { "value": null }, "CHK_FEE": { "value": null }, "FEE_TYPE_CD": { "value": "2" }, "WORKER": { "value": "admin" }, "REG_DNT": { "value": "CUR_YYMMDDHHIISS" }, "USE_ST_TYPE": { "value": "1" }, "SM_MBS_CD": { "value": "B2" } },
    { "ID": { "value": "wzonTest0m" }, "ID_CD": { "value": "1" }, "PM_CD": { "value": "01" }, "SPM_CD": { "value": "01" }, "CP_CD": { "value": "*" }, "FR_DT": { "value": "20260126" }, "TO_DT": { "value": "99999999" }, "FEE": { "value": "1" }, "POINT_FEE": { "value": null }, "CHK_FEE": { "value": null }, "FEE_TYPE_CD": { "value": "2" }, "WORKER": { "value": "admin" }, "REG_DNT": { "value": "CUR_YYMMDDHHIISS" }, "USE_ST_TYPE": { "value": "1" }, "SM_MBS_CD": { "value": "B3" } },
    { "ID": { "value": "wzonTest0m" }, "ID_CD": { "value": "1" }, "PM_CD": { "value": "01" }, "SPM_CD": { "value": "02" }, "CP_CD": { "value": "*" }, "FR_DT": { "value": "20260126" }, "TO_DT": { "value": "99999999" }, "FEE": { "value": "1" }, "POINT_FEE": { "value": null }, "CHK_FEE": { "value": null }, "FEE_TYPE_CD": { "value": "2" }, "WORKER": { "value": "admin" }, "REG_DNT": { "value": "CUR_YYMMDDHHIISS" }, "USE_ST_TYPE": { "value": "1" }, "SM_MBS_CD": { "value": "00" } },
    { "ID": { "value": "wzonTest0m" }, "ID_CD": { "value": "1" }, "PM_CD": { "value": "01" }, "SPM_CD": { "value": "02" }, "CP_CD": { "value": "*" }, "FR_DT": { "value": "20260126" }, "TO_DT": { "value": "99999999" }, "FEE": { "value": "1" }, "POINT_FEE": { "value": null }, "CHK_FEE": { "value": null }, "FEE_TYPE_CD": { "value": "2" }, "WORKER": { "value": "admin" }, "REG_DNT": { "value": "CUR_YYMMDDHHIISS" }, "USE_ST_TYPE": { "value": "1" }, "SM_MBS_CD": { "value": "A1" } },
    { "ID": { "value": "wzonTest0m" }, "ID_CD": { "value": "1" }, "PM_CD": { "value": "01" }, "SPM_CD": { "value": "02" }, "CP_CD": { "value": "*" }, "FR_DT": { "value": "20260126" }, "TO_DT": { "value": "99999999" }, "FEE": { "value": "1" }, "POINT_FEE": { "value": null }, "CHK_FEE": { "value": null }, "FEE_TYPE_CD": { "value": "2" }, "WORKER": { "value": "admin" }, "REG_DNT": { "value": "CUR_YYMMDDHHIISS" }, "USE_ST_TYPE": { "value": "1" }, "SM_MBS_CD": { "value": "B1" } },
    { "ID": { "value": "wzonTest0m" }, "ID_CD": { "value": "1" }, "PM_CD": { "value": "01" }, "SPM_CD": { "value": "02" }, "CP_CD": { "value": "*" }, "FR_DT": { "value": "20260126" }, "TO_DT": { "value": "99999999" }, "FEE": { "value": "1" }, "POINT_FEE": { "value": null }, "CHK_FEE": { "value": null }, "FEE_TYPE_CD": { "value": "2" }, "WORKER": { "value": "admin" }, "REG_DNT": { "value": "CUR_YYMMDDHHIISS" }, "USE_ST_TYPE": { "value": "1" }, "SM_MBS_CD": { "value": "B2" } },
    { "ID": { "value": "wzonTest0m" }, "ID_CD": { "value": "1" }, "PM_CD": { "value": "01" }, "SPM_CD": { "value": "02" }, "CP_CD": { "value": "*" }, "FR_DT": { "value": "20260126" }, "TO_DT": { "value": "99999999" }, "FEE": { "value": "1" }, "POINT_FEE": { "value": null }, "CHK_FEE": { "value": null }, "FEE_TYPE_CD": { "value": "2" }, "WORKER": { "value": "admin" }, "REG_DNT": { "value": "CUR_YYMMDDHHIISS" }, "USE_ST_TYPE": { "value": "1" }, "SM_MBS_CD": { "value": "B3" } },
    { "ID": { "value": "wzonTest0m" }, "ID_CD": { "value": "1" }, "PM_CD": { "value": "01" }, "SPM_CD": { "value": "03" }, "CP_CD": { "value": "*" }, "FR_DT": { "value": "20260126" }, "TO_DT": { "value": "99999999" }, "FEE": { "value": "1" }, "POINT_FEE": { "value": null }, "CHK_FEE": { "value": null }, "FEE_TYPE_CD": { "value": "2" }, "WORKER": { "value": "admin" }, "REG_DNT": { "value": "CUR_YYMMDDHHIISS" }, "USE_ST_TYPE": { "value": "1" }, "SM_MBS_CD": { "value": "00" } },
    { "ID": { "value": "wzonTest0m" }, "ID_CD": { "value": "1" }, "PM_CD": { "value": "01" }, "SPM_CD": { "value": "03" }, "CP_CD": { "value": "*" }, "FR_DT": { "value": "20260126" }, "TO_DT": { "value": "99999999" }, "FEE": { "value": "1" }, "POINT_FEE": { "value": null }, "CHK_FEE": { "value": null }, "FEE_TYPE_CD": { "value": "2" }, "WORKER": { "value": "admin" }, "REG_DNT": { "value": "CUR_YYMMDDHHIISS" }, "USE_ST_TYPE": { "value": "1" }, "SM_MBS_CD": { "value": "A1" } },
    { "ID": { "value": "wzonTest0m" }, "ID_CD": { "value": "1" }, "PM_CD": { "value": "01" }, "SPM_CD": { "value": "03" }, "CP_CD": { "value": "*" }, "FR_DT": { "value": "20260126" }, "TO_DT": { "value": "99999999" }, "FEE": { "value": "1" }, "POINT_FEE": { "value": null }, "CHK_FEE": { "value": null }, "FEE_TYPE_CD": { "value": "2" }, "WORKER": { "value": "admin" }, "REG_DNT": { "value": "CUR_YYMMDDHHIISS" }, "USE_ST_TYPE": { "value": "1" }, "SM_MBS_CD": { "value": "B1" } },
    { "ID": { "value": "wzonTest0m" }, "ID_CD": { "value": "1" }, "PM_CD": { "value": "01" }, "SPM_CD": { "value": "03" }, "CP_CD": { "value": "*" }, "FR_DT": { "value": "20260126" }, "TO_DT": { "value": "99999999" }, "FEE": { "value": "1" }, "POINT_FEE": { "value": null }, "CHK_FEE": { "value": null }, "FEE_TYPE_CD": { "value": "2" }, "WORKER": { "value": "admin" }, "REG_DNT": { "value": "CUR_YYMMDDHHIISS" }, "USE_ST_TYPE": { "value": "1" }, "SM_MBS_CD": { "value": "B2" } },
    { "ID": { "value": "wzonTest0m" }, "ID_CD": { "value": "1" }, "PM_CD": { "value": "01" }, "SPM_CD": { "value": "03" }, "CP_CD": { "value": "*" }, "FR_DT": { "value": "20260126" }, "TO_DT": { "value": "99999999" }, "FEE": { "value": "1" }, "POINT_FEE": { "value": null }, "CHK_FEE": { "value": null }, "FEE_TYPE_CD": { "value": "2" }, "WORKER": { "value": "admin" }, "REG_DNT": { "value": "CUR_YYMMDDHHIISS" }, "USE_ST_TYPE": { "value": "1" }, "SM_MBS_CD": { "value": "B3" } },
    { "ID": { "value": "wzonTest0m" }, "ID_CD": { "value": "1" }, "PM_CD": { "value": "01" }, "SPM_CD": { "value": "05" }, "CP_CD": { "value": "*" }, "FR_DT": { "value": "20260126" }, "TO_DT": { "value": "99999999" }, "FEE": { "value": "1" }, "POINT_FEE": { "value": null }, "CHK_FEE": { "value": null }, "FEE_TYPE_CD": { "value": "2" }, "WORKER": { "value": "admin" }, "REG_DNT": { "value": "CUR_YYMMDDHHIISS" }, "USE_ST_TYPE": { "value": "1" }, "SM_MBS_CD": { "value": "00" } },
    { "ID": { "value": "wzonTest0m" }, "ID_CD": { "value": "1" }, "PM_CD": { "value": "01" }, "SPM_CD": { "value": "05" }, "CP_CD": { "value": "*" }, "FR_DT": { "value": "20260126" }, "TO_DT": { "value": "99999999" }, "FEE": { "value": "1" }, "POINT_FEE": { "value": null }, "CHK_FEE": { "value": null }, "FEE_TYPE_CD": { "value": "2" }, "WORKER": { "value": "admin" }, "REG_DNT": { "value": "CUR_YYMMDDHHIISS" }, "USE_ST_TYPE": { "value": "1" }, "SM_MBS_CD": { "value": "A1" } },
    { "ID": { "value": "wzonTest0m" }, "ID_CD": { "value": "1" }, "PM_CD": { "value": "01" }, "SPM_CD": { "value": "05" }, "CP_CD": { "value": "*" }, "FR_DT": { "value": "20260126" }, "TO_DT": { "value": "99999999" }, "FEE": { "value": "1" }, "POINT_FEE": { "value": null }, "CHK_FEE": { "value": null }, "FEE_TYPE_CD": { "value": "2" }, "WORKER": { "value": "admin" }, "REG_DNT": { "value": "CUR_YYMMDDHHIISS" }, "USE_ST_TYPE": { "value": "1" }, "SM_MBS_CD": { "value": "B1" } },
    { "ID": { "value": "wzonTest0m" }, "ID_CD": { "value": "1" }, "PM_CD": { "value": "01" }, "SPM_CD": { "value": "05" }, "CP_CD": { "value": "*" }, "FR_DT": { "value": "20260126" }, "TO_DT": { "value": "99999999" }, "FEE": { "value": "1" }, "POINT_FEE": { "value": null }, "CHK_FEE": { "value": null }, "FEE_TYPE_CD": { "value": "2" }, "WORKER": { "value": "admin" }, "REG_DNT": { "value": "CUR_YYMMDDHHIISS" }, "USE_ST_TYPE": { "value": "1" }, "SM_MBS_CD": { "value": "B2" } },
    { "ID": { "value": "wzonTest0m" }, "ID_CD": { "value": "1" }, "PM_CD": { "value": "01" }, "SPM_CD": { "value": "05" }, "CP_CD": { "value": "*" }, "FR_DT": { "value": "20260126" }, "TO_DT": { "value": "99999999" }, "FEE": { "value": "1" }, "POINT_FEE": { "value": null }, "CHK_FEE": { "value": null }, "FEE_TYPE_CD": { "value": "2" }, "WORKER": { "value": "admin" }, "REG_DNT": { "value": "CUR_YYMMDDHHIISS" }, "USE_ST_TYPE": { "value": "1" }, "SM_MBS_CD": { "value": "B3" } }
  ]
}