{
  "table": "TBSI_MBS_SVC",
  "rows": [
    {
      "MID": { "value": "wzonTest0m" },
      "PM_CD": { "value": "01" },
      "SPM_CD": { "value": "02" },
      "USE_FLG": { "value": "1" },
      "USE_DT": { "value": "CUR_YYMMDD" },
      "ACQ_CL_CD": { "value": "0" },
      "ACQ_DAY": { "value": "1" },
      "CARD_BLOCK_CD": { "value": "" },
      "APP_VAN1_CD": { "value": "13" },
      "ACQ_VAN_CD": { "value": "13" },
      "PTN_GRP_ID": { "value": null },
      "LMT_INSTMN": { "value": "1" },
      "EZP_AUTH_CD_LST": { "value": "" },
      "CHKCARD_FEE_FLG": { "value": "0" },
      "MS_STMT_REQ_FLG": { "value": "0" },
      "MS_STMT_CYCLE_CD": { "value": "0" },
      "MS_USE_FLG": { "value": "1" },
      "CC_CL_CD": { "value": "0" },
      "REG_DNT": { "value": "CUR_YYMMDDHHIISS" },
      "WORKER": { "value": "admin" }
    },
    {
      "MID": { "value": "wzonTest0m" },
      "PM_CD": { "value": "01" },
      "SPM_CD": { "value": "03" },
      "USE_FLG": { "value": "1" },
      "USE_DT": { "value": "CUR_YYMMDD" },
      "ACQ_CL_CD": { "value": "0" },
      "ACQ_DAY": { "value": "1" },
      "CARD_BLOCK_CD": { "value": "" },
      "APP_VAN1_CD": { "value": "13" },
      "ACQ_VAN_CD": { "value": "13" },
      "PTN_GRP_ID": { "value": null },
      "LMT_INSTMN": { "value": "1" },
      "EZP_AUTH_CD_LST": { "value": "" },
      "CHKCARD_FEE_FLG": { "value": "1" },
      "MS_STMT_REQ_FLG": { "value": "0" },
      "MS_STMT_CYCLE_CD": { "value": "0" },
      "MS_USE_FLG": { "value": "1" },
      "CC_CL_CD": { "value": "0" },
      "REG_DNT": { "value": "CUR_YYMMDDHHIISS" },
      "WORKER": { "value": "admin" }
    },
    {
      "MID": { "value": "wzonTest0m" },
      "PM_CD": { "value": "01" },
      "SPM_CD": { "value": "05" },
      "USE_FLG": { "value": "1" },
      "USE_DT": { "value": "CUR_YYMMDD" },
      "ACQ_CL_CD": { "value": "0" },
      "ACQ_DAY": { "value": "1" },
      "CARD_BLOCK_CD": { "value": "" },
      "APP_VAN1_CD": { "value": "13" },
      "ACQ_VAN_CD": { "value": "13" },
      "PTN_GRP_ID": { "value": null },
      "LMT_INSTMN": { "value": "1" },
      "EZP_AUTH_CD_LST": { "value": "" },
      "CHKCARD_FEE_FLG": { "value": "1" },
      "MS_STMT_REQ_FLG": { "value": "0" },
      "MS_STMT_CYCLE_CD": { "value": "0" },
      "MS_USE_FLG": { "value": "1" },
      "CC_CL_CD": { "value": "0" },
      "REG_DNT": { "value": "CUR_YYMMDDHHIISS" },
      "WORKER": { "value": "admin" }
    }
  ]
}