{
  "table": "TBSI_CHG_HIST",
  "rows": [
    { "ID_CD": { "value": "1" }, "ID": { "value": "wzonTest0m" }, "TB_NM": { "value": "TBSI_MBS_SVC" }, "BEFORE_VALUE": { "value": "{\"selUseCl0101\":\"0\"}" }, "AFTER_VALUE": { "value": "{\"selUseCl0101\":\"1\"}" }, "WORK_IP": { "value": "0:0:0:0:0:0:0:1" }, "CHG_DT": { "value": "CUR_YYMMDD" }, "CHG_TM": { "value": "CUR_HHIISS" }, "WORKER": { "value": "admin" }, "REG_DNT": { "value": "CUR_YYMMDDHHIISS" } },
    { "ID_CD": { "value": "1" }, "ID": { "value": "wzonTest0m" }, "TB_NM": { "value": "TBSI_MBS_PTN_LNK" }, "BEFORE_VALUE": { "value": "{\"PTN_CPID0101\":\"\"}" }, "AFTER_VALUE": { "value": "{\"PTN_CPID0101\":\"certification_cpid\"}" }, "WORK_IP": { "value": "0:0:0:0:0:0:0:1" }, "CHG_DT": { "value": "CUR_YYMMDD" }, "CHG_TM": { "value": "CUR_HHIISS" }, "WORKER": { "value": "admin" }, "REG_DNT": { "value": "CUR_YYMMDDHHIISS" } },
    { "ID_CD": { "value": "1" }, "ID": { "value": "wzonTest0m" }, "TB_NM": { "value": "TBSI_STMT_CYCLE" }, "BEFORE_VALUE": { "value": "{\"cycleType0101\":\"\",\"cycleDate0101\":\"\"}" }, "AFTER_VALUE": { "value": "{\"cycleType0101\":\"D1\",\"cycleDate0101\":\"20260126\"}" }, "WORK_IP": { "value": "0:0:0:0:0:0:0:1" }, "CHG_DT": { "value": "CUR_YYMMDD" }, "CHG_TM": { "value": "CUR_HHIISS" }, "WORKER": { "value": "admin" }, "REG_DNT": { "value": "CUR_YYMMDDHHIISS" } },
    { "ID_CD": { "value": "1" }, "ID": { "value": "wzonTest0m" }, "TB_NM": { "value": "TBSI_MBS_PTN_LNK" }, "BEFORE_VALUE": { "value": "신용카드 null 1차승인Van 카드사 그룹 : " }, "AFTER_VALUE": { "value": "신용카드 null 1차승인Van 카드사 그룹 : old_cert_cpid" }, "WORK_IP": { "value": "0:0:0:0:0:0:0:1" }, "CHG_DT": { "value": "CUR_YYMMDD" }, "CHG_TM": { "value": "CUR_HHIISS" }, "WORKER": { "value": "admin" }, "REG_DNT": { "value": "CUR_YYMMDDHHIISS" } },
    { "ID_CD": { "value": "1" }, "ID": { "value": "wzonTest0m" }, "TB_NM": { "value": "TBSI_MBS_SVC" }, "BEFORE_VALUE": { "value": "신용카드 null 사용전환 : 0" }, "AFTER_VALUE": { "value": "신용카드 null 사용전환 : 1" }, "WORK_IP": { "value": "0:0:0:0:0:0:0:1" }, "CHG_DT": { "value": "CUR_YYMMDD" }, "CHG_TM": { "value": "CUR_HHIISS" }, "WORKER": { "value": "admin" }, "REG_DNT": { "value": "CUR_YYMMDDHHIISS" } },
    { "ID_CD": { "value": "1" }, "ID": { "value": "wzonTest0m" }, "TB_NM": { "value": "TBSI_STMT_CYCLE" }, "BEFORE_VALUE": { "value": "신용카드 null 정산주기 : , 신용카드 null 정산주기 적용일자 : " }, "AFTER_VALUE": { "value": "신용카드 null 정산주기 : D1, 신용카드 null 정산주기 적용일자 : 20260126" }, "WORK_IP": { "value": "0:0:0:0:0:0:0:1" }, "CHG_DT": { "value": "CUR_YYMMDD" }, "CHG_TM": { "value": "CUR_HHIISS" }, "WORKER": { "value": "admin" }, "REG_DNT": { "value": "CUR_YYMMDDHHIISS" } },
    { "ID_CD": { "value": "1" }, "ID": { "value": "wzonTest0m" }, "TB_NM": { "value": "TBSI_MBS_SVC" }, "BEFORE_VALUE": { "value": "신용카드 null 사용전환 : 0" }, "AFTER_VALUE": { "value": "신용카드 null 사용전환 : 1" }, "WORK_IP": { "value": "0:0:0:0:0:0:0:1" }, "CHG_DT": { "value": "CUR_YYMMDD" }, "CHG_TM": { "value": "CUR_HHIISS" }, "WORKER": { "value": "admin" }, "REG_DNT": { "value": "CUR_YYMMDDHHIISS" } },
    { "ID_CD": { "value": "1" }, "ID": { "value": "wzonTest0m" }, "TB_NM": { "value": "TBSI_MBS_PTN_LNK" }, "BEFORE_VALUE": { "value": "신용카드 null 1차승인Van 카드사 그룹 : " }, "AFTER_VALUE": { "value": "신용카드 null 1차승인Van 카드사 그룹 : offline_cpid" }, "WORK_IP": { "value": "0:0:0:0:0:0:0:1" }, "CHG_DT": { "value": "CUR_YYMMDD" }, "CHG_TM": { "value": "CUR_HHIISS" }, "WORKER": { "value": "admin" }, "REG_DNT": { "value": "CUR_YYMMDDHHIISS" } },
    { "ID_CD": { "value": "1" }, "ID": { "value": "wzonTest0m" }, "TB_NM": { "value": "TBSI_STMT_CYCLE" }, "BEFORE_VALUE": { "value": "신용카드 null 정산주기 : , 신용카드 null 정산주기 적용일자 : " }, "AFTER_VALUE": { "value": "신용카드 null 정산주기 : D1, 신용카드 null 정산주기 적용일자 : 20260126" }, "WORK_IP": { "value": "0:0:0:0:0:0:0:1" }, "CHG_DT": { "value": "CUR_YYMMDD" }, "CHG_TM": { "value": "CUR_HHIISS" }, "WORKER": { "value": "admin" }, "REG_DNT": { "value": "CUR_YYMMDDHHIISS" } },
    { "ID_CD": { "value": "1" }, "ID": { "value": "wzonTest0m" }, "TB_NM": { "value": "TBSI_MBS_SVC" }, "BEFORE_VALUE": { "value": "신용카드 null 사용전환 : 0" }, "AFTER_VALUE": { "value": "신용카드 null 사용전환 : 1" }, "WORK_IP": { "value": "0:0:0:0:0:0:0:1" }, "CHG_DT": { "value": "CUR_YYMMDD" }, "CHG_TM": { "value": "CUR_HHIISS" }, "WORKER": { "value": "admin" }, "REG_DNT": { "value": "CUR_YYMMDDHHIISS" } },
    { "ID_CD": { "value": "1" }, "ID": { "value": "wzonTest0m" }, "TB_NM": { "value": "TBSI_MBS_PTN_LNK" }, "BEFORE_VALUE": { "value": "신용카드 null 1차승인Van 카드사 그룹 : " }, "AFTER_VALUE": { "value": "신용카드 null 1차승인Van 카드사 그룹 : no_cert_cpid" }, "WORK_IP": { "value": "0:0:0:0:0:0:0:1" }, "CHG_DT": { "value": "CUR_YYMMDD" }, "CHG_TM": { "value": "CUR_HHIISS" }, "WORKER": { "value": "admin" }, "REG_DNT": { "value": "CUR_YYMMDDHHIISS" } },
    { "ID_CD": { "value": "1" }, "ID": { "value": "wzonTest0m" }, "TB_NM": { "value": "TBSI_STMT_CYCLE" }, "BEFORE_VALUE": { "value": "신용카드 null 정산주기 : , 신용카드 null 정산주기 적용일자 : " }, "AFTER_VALUE": { "value": "신용카드 null 정산주기 : D1, 신용카드 null 정산주기 적용일자 : 20260126" }, "WORK_IP": { "value": "0:0:0:0:0:0:0:1" }, "CHG_DT": { "value": "CUR_YYMMDD" }, "CHG_TM": { "value": "CUR_HHIISS" }, "WORKER": { "value": "admin" }, "REG_DNT": { "value": "CUR_YYMMDDHHIISS" } }
  ]
}