{
  "table": "TBSI_STMT_CYCLE",
  "rows": [
    {
      "MID": { "value": "wzonTest0m" },
      "PM_CD": { "value": "01" },
      "SPM_CD": { "value": "02" },
      "FR_DT": { "value": "20260126" },
      "TO_DT": { "value": "99999999" },
      "REG_DT": { "value": "CUR_YYMMDD" },
      "STMT_TYPE": { "value": "0" },
      "STMT_CYCLE_CD": { "value": "D1" },
      "WORKER": { "value": "admin" }
    },
    {
      "MID": { "value": "wzonTest0m" },
      "PM_CD": { "value": "01" },
      "SPM_CD": { "value": "03" },
      "FR_DT": { "value": "20260126" },
      "TO_DT": { "value": "99999999" },
      "REG_DT": { "value": "CUR_YYMMDD" },
      "STMT_TYPE": { "value": "0" },
      "STMT_CYCLE_CD": { "value": "D1" },
      "WORKER": { "value": "admin" }
    },
    {
      "MID": { "value": "wzonTest0m" },
      "PM_CD": { "value": "01" },
      "SPM_CD": { "value": "05" },
      "FR_DT": { "value": "20260126" },
      "TO_DT": { "value": "99999999" },
      "REG_DT": { "value": "CUR_YYMMDD" },
      "STMT_TYPE": { "value": "0" },
      "STMT_CYCLE_CD": { "value": "D1" },
      "WORKER": { "value": "admin" }
    }
  ]
}